{
  "properties": {
    "connectionReferences": {
      "shared_sharepointonline": {
        "runtimeSource": "invoker",
        "connection": {
          "connectionReferenceLogicalName": "cu_ContosoUniversitySPOITConRef"
        },
        "api": {
          "name": "shared_sharepointonline"
        }
      }
    },
    "definition": {
      "$schema": "https://schema.management.azure.com/providers/Microsoft.Logic/schemas/2016-06-01/workflowdefinition.json#",
      "contentVersion": "1.0.0.0",
      "parameters": {
        "$connections": {
          "defaultValue": {},
          "type": "Object"
        },
        "$authentication": {
          "defaultValue": {},
          "type": "SecureObject"
        },
        "AwesomeSPOSite (awt_AwesomeSPOSite)": {
          "defaultValue": "https://mngenvmcap157851.sharepoint.com/sites/IT",
          "type": "String",
          "metadata": {
            "schemaName": "awt_AwesomeSPOSite"
          }
        },
        "AwesomeSPOList (awt_AwesomeSPOList)": {
          "defaultValue": "09539922-35de-4817-94c5-840de3533345",
          "type": "String",
          "metadata": {
            "schemaName": "awt_AwesomeSPOList"
          }
        },
        "AwesomeName (awt_AwesomeName)": {
          "defaultValue": "Awesome",
          "type": "String",
          "metadata": {
            "schemaName": "awt_AwesomeName"
          }
        }
      },
      "triggers": {
        "manual": {
          "metadata": {
            "operationMetadataId": "3960f8a2-59f6-4f56-a938-88cbb7aa6026"
          },
          "type": "Request",
          "kind": "Button",
          "inputs": {
            "schema": {
              "type": "object",
              "properties": {},
              "required": []
            }
          }
        }
      },
      "actions": {
        "Compose": {
          "runAfter": {},
          "metadata": {
            "operationMetadataId": "cb203a0d-292a-4d29-8cc7-49c019b1236c"
          },
          "type": "Compose",
          "inputs": "@parameters('AwesomeName (awt_AwesomeName)')"
        },
        "Get_items": {
          "runAfter": {
            "Compose": [
              "Succeeded"
            ]
          },
          "metadata": {
            "operationMetadataId": "aca914ef-1f5d-4ee8-b896-d504fc483f3f"
          },
          "type": "OpenApiConnection",
          "inputs": {
            "host": {
              "connectionName": "shared_sharepointonline",
              "operationId": "GetItems",
              "apiId": "/providers/Microsoft.PowerApps/apis/shared_sharepointonline"
            },
            "parameters": {
              "dataset": "@parameters('AwesomeSPOSite (awt_AwesomeSPOSite)')",
              "table": "@parameters('AwesomeSPOList (awt_AwesomeSPOList)')"
            },
            "authentication": {
              "type": "Raw",
              "value": "@json(decodeBase64(triggerOutputs().headers['X-MS-APIM-Tokens']))['$ConnectionKey']"
            }
          }
        }
      }
    },
    "templateName": ""
  },
  "schemaVersion": "1.0.0.0"
}