<ImportExportXml xmlns:xsi="http://www.w3.org/2001/XMLSchema-instance">
  <Entities></Entities>
  <Roles>
    <Role id="{31ffa2f2-2aff-ed11-8f6e-000d3a1b9171}" name="Awesome app User" isinherited="1">
      <IsCustomizable>1</IsCustomizable>
      <RolePrivileges>
        <RolePrivilege name="prvCreateSharePointData" level="Global" />
        <RolePrivilege name="prvFlow" level="Global" />
        <RolePrivilege name="prvReadCanvasApp" level="Basic" />
        <RolePrivilege name="prvReadPluginAssembly" level="Global" />
        <RolePrivilege name="prvReadPluginType" level="Global" />
        <RolePrivilege name="prvReadSdkMessage" level="Global" />
        <RolePrivilege name="prvReadSdkMessageProcessingStep" level="Global" />
        <RolePrivilege name="prvReadSdkMessageProcessingStepImage" level="Global" />
        <RolePrivilege name="prvReadSharePointData" level="Global" />
        <RolePrivilege name="prvReadSharePointDocument" level="Global" />
        <RolePrivilege name="prvWriteSharePointData" level="Global" />
      </RolePrivileges>
    </Role>
  </Roles>
  <Workflows>
    <Workflow WorkflowId="{a3ccd93f-01bd-ed11-83ff-000d3a1b9171}" Name="Awesome Flow">
      <JsonFileName>/Workflows/AwesomeFlow-A3CCD93F-01BD-ED11-83FF-000D3A1B9171.json</JsonFileName>
      <Type>1</Type>
      <Subprocess>0</Subprocess>
      <Category>5</Category>
      <Mode>0</Mode>
      <Scope>4</Scope>
      <OnDemand>0</OnDemand>
      <TriggerOnCreate>0</TriggerOnCreate>
      <TriggerOnDelete>0</TriggerOnDelete>
      <AsyncAutodelete>0</AsyncAutodelete>
      <SyncWorkflowLogOnFailure>0</SyncWorkflowLogOnFailure>
      <StateCode>1</StateCode>
      <StatusCode>2</StatusCode>
      <RunAs>1</RunAs>
      <IsTransacted>1</IsTransacted>
      <IntroducedVersion>1.0.0.0</IntroducedVersion>
      <IsCustomizable>1</IsCustomizable>
      <BusinessProcessType>0</BusinessProcessType>
      <IsCustomProcessingStepAllowedForOtherPublishers>1</IsCustomProcessingStepAllowedForOtherPublishers>
      <PrimaryEntity>none</PrimaryEntity>
      <LocalizedNames>
        <LocalizedName languagecode="1033" description="Awesome Flow" />
      </LocalizedNames>
    </Workflow>
    <Workflow WorkflowId="{6d387a90-70ff-ed11-8f6e-000d3a1b9171}" Name="Awesome Outlook Flow">
      <JsonFileName>/Workflows/AwesomeOutlookFlow-6D387A90-70FF-ED11-8F6E-000D3A1B9171.json</JsonFileName>
      <Type>1</Type>
      <Subprocess>0</Subprocess>
      <Category>5</Category>
      <Mode>0</Mode>
      <Scope>4</Scope>
      <OnDemand>0</OnDemand>
      <TriggerOnCreate>0</TriggerOnCreate>
      <TriggerOnDelete>0</TriggerOnDelete>
      <AsyncAutodelete>0</AsyncAutodelete>
      <SyncWorkflowLogOnFailure>0</SyncWorkflowLogOnFailure>
      <StateCode>1</StateCode>
      <StatusCode>2</StatusCode>
      <RunAs>1</RunAs>
      <IsTransacted>1</IsTransacted>
      <IntroducedVersion>1.3.0.1</IntroducedVersion>
      <IsCustomizable>1</IsCustomizable>
      <BusinessProcessType>0</BusinessProcessType>
      <IsCustomProcessingStepAllowedForOtherPublishers>1</IsCustomProcessingStepAllowedForOtherPublishers>
      <PrimaryEntity>none</PrimaryEntity>
      <LocalizedNames>
        <LocalizedName languagecode="1033" description="Awesome Outlook Flow" />
      </LocalizedNames>
    </Workflow>
  </Workflows>
  <FieldSecurityProfiles></FieldSecurityProfiles>
  <Templates />
  <EntityMaps />
  <EntityRelationships />
  <OrganizationSettings />
  <optionsets />
  <CustomControls />
  <EntityDataProviders />
  <CanvasApps>
    <CanvasApp>
      <Name>awt_awesomeapp_ae797</Name>
      <AppVersion>2023-08-03T16:56:24Z</AppVersion>
      <Status>Ready</Status>
      <CreatedByClientVersion>3.23073.23.0</CreatedByClientVersion>
      <MinClientVersion>3.23073.23.0</MinClientVersion>
      <Tags>{"primaryDeviceWidth":"1919","primaryDeviceHeight":"826","supportsPortrait":"true","supportsLandscape":"true","primaryFormFactor":"Tablet","publisherVersion":"3.23073.23","minimumRequiredApiVersion":"2.2.0","hasComponent":"false","hasUnlockedComponent":"false","isUnifiedRootApp":"false","sienaVersion":"20230601T042656Z-3.23052.29.0"}</Tags>
      <IsCdsUpgraded>0</IsCdsUpgraded>
      <GalleryItemId xsi:nil="true"></GalleryItemId>
      <BackgroundColor>rgba(99, 139, 44, 1)</BackgroundColor>
      <DisplayName>Awesome App</DisplayName>
      <Description xsi:nil="true"></Description>
      <CommitMessage xsi:nil="true"></CommitMessage>
      <Publisher xsi:nil="true"></Publisher>
      <AuthorizationReferences>[]</AuthorizationReferences>
      <ConnectionReferences>{"920c83b5-e1d1-491a-ae20-7285169c804d":{"id":"/providers/microsoft.powerapps/apis/shared_sharepointonline","displayName":"SharePoint","iconUri":"https://connectoricons-prod.azureedge.net/u/shgogna/globalperconnector-train1/1.0.1639.3312/sharepointonline/icon.png","dataSources":["AwesomeSPOList"],"dependencies":[],"dependents":[],"parameterHints":{},"parameterHintsV2":{},"isOnPremiseConnection":false,"bypassConsent":false,"dataSets":{"https://mngenvmcap157851.sharepoint.com/sites/IT_awt_AwesomeSPOSite":{"datasetOverride":{"name":"https://mngenvmcap157851.sharepoint.com/sites/IT","environmentVariableName":"awt_AwesomeSPOSite"},"dataSources":{"AwesomeSPOList":{"tableName":"09539922-35de-4817-94c5-840de3533345","tableNameOverride":{"name":"09539922-35de-4817-94c5-840de3533345","environmentVariableName":"awt_AwesomeSPOList"}}}}},"apiTier":"Standard","actions":["providers/PowerPlatform.Governance/Operations/Read"]},"e3d66b0c-390e-4e79-9921-166a4132ed39":{"id":"/providers/microsoft.powerapps/apis/shared_logicflows","displayName":"Logic flows","iconUri":"https://connectoricons-prod.azureedge.net/releases/v1.0.1645/1.0.1645.3345/logicflows/icon.png","dataSources":["AwesomeFlow"],"dependencies":[],"dependents":[],"parameterHints":{"workflowName":{"value":"0c808c45-8a2e-4108-97e6-2df8d9dd6e6d"},"workflowEntityId":{"value":"a3ccd93f-01bd-ed11-83ff-000d3a1b9171"}},"parameterHintsV2":{"workflowName":{"value":"0c808c45-8a2e-4108-97e6-2df8d9dd6e6d"},"workflowEntityId":{"value":"a3ccd93f-01bd-ed11-83ff-000d3a1b9171"}},"isOnPremiseConnection":false,"bypassConsent":false,"dataSets":{},"apiTier":"Standard","actions":["Run"]},"1d956dcd-81cf-4c19-86e4-31478c7c8938":{"id":"/providers/microsoft.powerapps/apis/shared_logicflows","displayName":"Logic flows","iconUri":"https://connectoricons-prod.azureedge.net/releases/v1.0.1645/1.0.1645.3345/logicflows/icon.png","dataSources":["AwesomeOutlookFlow"],"dependencies":["a7b9d24e-2e4c-4fb6-9054-a1f8691aac2e"],"dependents":[],"parameterHints":{"workflowName":{"value":"5ec27913-0fb4-4cd3-8ad3-27612004e854"},"workflowEntityId":{"value":"6d387a90-70ff-ed11-8f6e-000d3a1b9171"},"a7b9d24e-2e4c-4fb6-9054-a1f8691aac2e":{"value":"shared_office365"}},"parameterHintsV2":{"workflowName":{"value":"5ec27913-0fb4-4cd3-8ad3-27612004e854"},"workflowEntityId":{"value":"6d387a90-70ff-ed11-8f6e-000d3a1b9171"},"shared_office365":{"value":"a7b9d24e-2e4c-4fb6-9054-a1f8691aac2e"}},"isOnPremiseConnection":false,"bypassConsent":false,"dataSets":{},"apiTier":"Standard","actions":["Run"]},"a7b9d24e-2e4c-4fb6-9054-a1f8691aac2e":{"id":"/providers/microsoft.powerapps/apis/shared_office365","displayName":"Office 365 Outlook","iconUri":"https://connectoricons-prod.azureedge.net/u/laborbol/partial-builds/390724148/1.0.1641.3327/office365/icon.png","dataSources":[],"dependencies":[],"dependents":["1d956dcd-81cf-4c19-86e4-31478c7c8938"],"parameterHints":{},"parameterHintsV2":{},"isOnPremiseConnection":false,"bypassConsent":false,"dataSets":{},"apiTier":"Standard"}}</ConnectionReferences>
      <DatabaseReferences>{}</DatabaseReferences>
      <AppComponents>[]</AppComponents>
      <AppComponentDependencies>[]</AppComponentDependencies>
      <CanConsumeAppPass>1</CanConsumeAppPass>
      <CanvasAppType>0</CanvasAppType>
      <BypassConsent>0</BypassConsent>
      <AdminControlBypassConsent>0</AdminControlBypassConsent>
      <EmbeddedApp xsi:nil="true"></EmbeddedApp>
      <IntroducedVersion>1.0</IntroducedVersion>
      <CdsDependencies>{"cdsdependencies":[{"dependencyid":"a3ccd93f-01bd-ed11-83ff-000d3a1b9171","componenttype":29,"componenttypeplatformname":"Workflow"},{"dependencyid":"6d387a90-70ff-ed11-8f6e-000d3a1b9171","componenttype":29,"componenttypeplatformname":"Workflow"},{"logicalname":"awt_AwesomeSPOSite","componenttype":380,"componenttypeplatformname":"EnvironmentVariableDefinition"},{"logicalname":"awt_AwesomeSPOList","componenttype":380,"componenttypeplatformname":"EnvironmentVariableDefinition"}]}</CdsDependencies>
      <IsCustomizable>1</IsCustomizable>
      <BackgroundImageUri>/CanvasApps/awt_awesomeapp_ae797_BackgroundImageUri</BackgroundImageUri>
      <DocumentUri>/CanvasApps/awt_awesomeapp_ae797_DocumentUri.msapp</DocumentUri>
    </CanvasApp>
  </CanvasApps>
  <connectionreferences>
    <connectionreference connectionreferencelogicalname="awt_AwesomeSPOConRef">
      <connectionreferencedisplayname>AwesomeSPOConRef</connectionreferencedisplayname>
      <connectorid>/providers/Microsoft.PowerApps/apis/shared_sharepointonline</connectorid>
      <iscustomizable>1</iscustomizable>
      <statecode>0</statecode>
      <statuscode>1</statuscode>
    </connectionreference>
    <connectionreference connectionreferencelogicalname="awt_sharedoffice365_e04ce">
      <connectionreferencedisplayname>Office 365 Outlook Awesomeapp2000-e04ce</connectionreferencedisplayname>
      <connectorid>/providers/Microsoft.PowerApps/apis/shared_office365</connectorid>
      <iscustomizable>1</iscustomizable>
      <statecode>0</statecode>
      <statuscode>1</statuscode>
    </connectionreference>
  </connectionreferences>
  <Languages>
    <Language>1033</Language>
  </Languages>
</ImportExportXml>