﻿<?xml version="1.0" encoding="utf-8"?>
<ImportExportXml version="9.2.24062.176" SolutionPackageVersion="9.2" languagecode="1033" generatedBy="CrmLive" xmlns:xsi="http://www.w3.org/2001/XMLSchema-instance">
  <SolutionManifest>
    <UniqueName>OrgDemo</UniqueName>
    <LocalizedNames>
      <LocalizedName description="OrgDemo" languagecode="1033" />
      <LocalizedName description="Données de l’organisation" languagecode="1036" />
    </LocalizedNames>
    <Descriptions />
    <Version>1.0.1.0</Version>
    <Managed>0</Managed>
    <Publisher>
      <UniqueName>CONTOSO</UniqueName>
      <LocalizedNames>
        <LocalizedName description="Contoso" languagecode="1033" />
        <LocalizedName description="Contoso" languagecode="1036" />
      </LocalizedNames>
      <Descriptions />
      <EMailAddress xsi:nil="true"></EMailAddress>
      <SupportingWebsiteUrl xsi:nil="true"></SupportingWebsiteUrl>
      <CustomizationPrefix>cont</CustomizationPrefix>
      <CustomizationOptionValuePrefix>14418</CustomizationOptionValuePrefix>
      <Addresses>
        <Address>
          <AddressNumber>1</AddressNumber>
          <AddressTypeCode>1</AddressTypeCode>
          <City xsi:nil="true"></City>
          <County xsi:nil="true"></County>
          <Country xsi:nil="true"></Country>
          <Fax xsi:nil="true"></Fax>
          <FreightTermsCode xsi:nil="true"></FreightTermsCode>
          <ImportSequenceNumber xsi:nil="true"></ImportSequenceNumber>
          <Latitude xsi:nil="true"></Latitude>
          <Line1 xsi:nil="true"></Line1>
          <Line2 xsi:nil="true"></Line2>
          <Line3 xsi:nil="true"></Line3>
          <Longitude xsi:nil="true"></Longitude>
          <Name xsi:nil="true"></Name>
          <PostalCode xsi:nil="true"></PostalCode>
          <PostOfficeBox xsi:nil="true"></PostOfficeBox>
          <PrimaryContactName xsi:nil="true"></PrimaryContactName>
          <ShippingMethodCode>1</ShippingMethodCode>
          <StateOrProvince xsi:nil="true"></StateOrProvince>
          <Telephone1 xsi:nil="true"></Telephone1>
          <Telephone2 xsi:nil="true"></Telephone2>
          <Telephone3 xsi:nil="true"></Telephone3>
          <TimeZoneRuleVersionNumber xsi:nil="true"></TimeZoneRuleVersionNumber>
          <UPSZone xsi:nil="true"></UPSZone>
          <UTCOffset xsi:nil="true"></UTCOffset>
          <UTCConversionTimeZoneCode xsi:nil="true"></UTCConversionTimeZoneCode>
        </Address>
        <Address>
          <AddressNumber>2</AddressNumber>
          <AddressTypeCode>1</AddressTypeCode>
          <City xsi:nil="true"></City>
          <County xsi:nil="true"></County>
          <Country xsi:nil="true"></Country>
          <Fax xsi:nil="true"></Fax>
          <FreightTermsCode xsi:nil="true"></FreightTermsCode>
          <ImportSequenceNumber xsi:nil="true"></ImportSequenceNumber>
          <Latitude xsi:nil="true"></Latitude>
          <Line1 xsi:nil="true"></Line1>
          <Line2 xsi:nil="true"></Line2>
          <Line3 xsi:nil="true"></Line3>
          <Longitude xsi:nil="true"></Longitude>
          <Name xsi:nil="true"></Name>
          <PostalCode xsi:nil="true"></PostalCode>
          <PostOfficeBox xsi:nil="true"></PostOfficeBox>
          <PrimaryContactName xsi:nil="true"></PrimaryContactName>
          <ShippingMethodCode>1</ShippingMethodCode>
          <StateOrProvince xsi:nil="true"></StateOrProvince>
          <Telephone1 xsi:nil="true"></Telephone1>
          <Telephone2 xsi:nil="true"></Telephone2>
          <Telephone3 xsi:nil="true"></Telephone3>
          <TimeZoneRuleVersionNumber xsi:nil="true"></TimeZoneRuleVersionNumber>
          <UPSZone xsi:nil="true"></UPSZone>
          <UTCOffset xsi:nil="true"></UTCOffset>
          <UTCConversionTimeZoneCode xsi:nil="true"></UTCConversionTimeZoneCode>
        </Address>
      </Addresses>
    </Publisher>
    <RootComponents>
      <RootComponent type="1" schemaName="ce_admissionbusinessprocessflow" behavior="0" />
      <RootComponent type="1" schemaName="cont_aadgrouporgmapping" behavior="0" />
      <RootComponent type="1" schemaName="cont_orgdata" behavior="0" />
      <RootComponent type="1" schemaName="cont_orgdataprocessflow" behavior="0" />
      <RootComponent type="1" schemaName="cont_orgitem" behavior="0" />
      <RootComponent type="1" schemaName="cont_orglookup" behavior="0" />
      <RootComponent type="1" schemaName="cont_userdata" behavior="0" />
      <RootComponent type="1" schemaName="cref2_items" behavior="0" />
      <RootComponent type="20" id="{5a2ac461-d213-ee11-8f6e-000d3a5a7956}" behavior="0" />
      <RootComponent type="20" id="{a855260f-d313-ee11-8f6e-000d3a5a7956}" behavior="0" />
      <RootComponent type="20" id="{bdc84917-d213-ee11-8f6e-000d3a5a7956}" behavior="0" />
      <RootComponent type="29" id="{755669c0-311c-ee11-8f6e-000d3a5a7956}" behavior="0" />
      <RootComponent type="29" id="{7e929609-e81c-ee11-8f6e-000d3a5a7956}" behavior="0" />
      <RootComponent type="29" id="{84a96a08-5731-ee11-bdf3-000d3a1b9171}" behavior="0" />
      <RootComponent type="29" id="{a0013e46-e71c-ee11-8f6e-000d3a5a7956}" behavior="0" />
      <RootComponent type="29" id="{fbdb5f7a-b130-ee11-bdf3-6045bdd96914}" behavior="0" />
      <RootComponent type="300" schemaName="cont_orgdatacanvasapp_58372" behavior="0" />
      <RootComponent type="300" schemaName="cont_orgdatacustomdialog_ef86d" behavior="0" />
      <RootComponent type="300" schemaName="cont_orgdatacustompage_92077" behavior="0" />
      <RootComponent type="300" schemaName="cont_orgdatamdademodefaultcommandlibrary_c2905" behavior="0" />
      <RootComponent type="300" schemaName="cont_orgdatawelcomepage_5d6ac" behavior="0" />
      <RootComponent type="300" schemaName="cont_testing_cea36" behavior="0" />
      <RootComponent type="431" schemaName="cont_orgdata cont_images" behavior="0" />
      <RootComponent type="432" schemaName="cont_orgdata" behavior="0" />
      <RootComponent type="61" schemaName="cont_OrgDataJS" behavior="0" />
      <RootComponent type="62" schemaName="cont_OrgDataMDAdemo" behavior="0" />
      <RootComponent type="80" schemaName="cont_OrgDataMDAdemo" behavior="0" />
    </RootComponents>
    <MissingDependencies>
      <MissingDependency>
        <Required type="1" schemaName="cu_major" displayName="Major" solution="Active" />
        <Dependent type="26" schemaName="Inactive Admission Business Process Flow on my Majors" displayName="Inactive Admission Business Process Flow on my Majors" parentSchemaName="ce_admissionbusinessprocessflow" parentDisplayName="Admission Business Process Flow" id="{6b37194f-5fc6-4fe0-9632-19d4fc0ccb78}" />
      </MissingDependency>
      <MissingDependency>
        <Required type="1" schemaName="cu_major" displayName="Major" solution="Active" />
        <Dependent type="26" schemaName="Active Admission Business Process Flow on my Majors" displayName="Active Admission Business Process Flow on my Majors" parentSchemaName="ce_admissionbusinessprocessflow" parentDisplayName="Admission Business Process Flow" id="{e2a69564-82e3-4d39-b1ef-063af4be15be}" />
      </MissingDependency>
      <MissingDependency>
        <Required type="1" schemaName="cu_major" displayName="Major" solution="Active" />
        <Dependent type="29" displayName="Admission Business Process Flow" id="{84a96a08-5731-ee11-bdf3-000d3a1b9171}" />
      </MissingDependency>
      <MissingDependency>
        <Required type="2" schemaName="cu_majorid" displayName="Major" parentSchemaName="cu_major" parentDisplayName="Major" solution="Active" />
        <Dependent type="26" schemaName="Inactive Admission Business Process Flow on my Majors" displayName="Inactive Admission Business Process Flow on my Majors" parentSchemaName="ce_admissionbusinessprocessflow" parentDisplayName="Admission Business Process Flow" id="{6b37194f-5fc6-4fe0-9632-19d4fc0ccb78}" />
      </MissingDependency>
      <MissingDependency>
        <Required type="2" schemaName="cu_majorid" displayName="Major" parentSchemaName="cu_major" parentDisplayName="Major" solution="Active" />
        <Dependent type="26" schemaName="Active Admission Business Process Flow on my Majors" displayName="Active Admission Business Process Flow on my Majors" parentSchemaName="ce_admissionbusinessprocessflow" parentDisplayName="Admission Business Process Flow" id="{e2a69564-82e3-4d39-b1ef-063af4be15be}" />
      </MissingDependency>
      <MissingDependency>
        <Required type="2" schemaName="cu_majorid" displayName="Major" parentSchemaName="cu_major" parentDisplayName="Major" solution="Active" />
        <Dependent type="29" displayName="Admission Business Process Flow" id="{84a96a08-5731-ee11-bdf3-000d3a1b9171}" />
      </MissingDependency>
      <MissingDependency>
        <Required type="2" schemaName="cu_name" displayName="Name" parentSchemaName="cu_major" parentDisplayName="Major" solution="Active" />
        <Dependent type="10" schemaName="bpf_cu_major_ce_admissionbusinessprocessflow" displayName="bpf_cu_major_ce_admissionbusinessprocessflow" parentSchemaName="cu_major" parentDisplayName="Major" />
      </MissingDependency>
      <MissingDependency>
        <Required type="2" schemaName="cu_name" displayName="Name" parentSchemaName="cu_major" parentDisplayName="Major" solution="Active" />
        <Dependent type="29" displayName="Admission Business Process Flow" id="{84a96a08-5731-ee11-bdf3-000d3a1b9171}" />
      </MissingDependency>
      <MissingDependency>
        <Required type="2" schemaName="cu_name" displayName="Name" parentSchemaName="cu_major" parentDisplayName="Major" solution="Active" />
        <Dependent type="60" displayName="Information" parentDisplayName="Admission Business Process Flow" id="{797209c8-a5c2-439f-ad70-9feca639462f}" />
      </MissingDependency>
      <MissingDependency>
        <Required type="2" schemaName="ownerid" displayName="Owner" parentSchemaName="cu_major" parentDisplayName="Major" solution="Active" />
        <Dependent type="26" schemaName="Inactive Admission Business Process Flow on my Majors" displayName="Inactive Admission Business Process Flow on my Majors" parentSchemaName="ce_admissionbusinessprocessflow" parentDisplayName="Admission Business Process Flow" id="{6b37194f-5fc6-4fe0-9632-19d4fc0ccb78}" />
      </MissingDependency>
      <MissingDependency>
        <Required type="2" schemaName="ownerid" displayName="Owner" parentSchemaName="cu_major" parentDisplayName="Major" solution="Active" />
        <Dependent type="26" schemaName="Active Admission Business Process Flow on my Majors" displayName="Active Admission Business Process Flow on my Majors" parentSchemaName="ce_admissionbusinessprocessflow" parentDisplayName="Admission Business Process Flow" id="{e2a69564-82e3-4d39-b1ef-063af4be15be}" />
      </MissingDependency>
      <MissingDependency>
        <Required type="300" schemaName="cat_powercatcomponentlibrary_0be3a" displayName="Power CAT Component Library" solution="CreatorKitCore (1.0.20240529.1)">
          <package>CreatorKitCore (1.0.20240529.1)</package>
        </Required>
        <Dependent type="300" schemaName="cont_orgdatacustompage_92077" displayName="Org Data Custom Page" />
      </MissingDependency>
      <MissingDependency>
        <Required type="61" schemaName="msdyn_/Images/AppModule_Default_Icon.png" displayName="msdyn_/Images/AppModule_Default_Icon.png" solution="AppModuleWebResources (2.5)" />
        <Dependent type="80" schemaName="cont_OrgDataMDAdemo" displayName="Org Data MDA demo" />
      </MissingDependency>
      <MissingDependency>
        <Required type="66" schemaName="cat_PowerCAT.FluentDetailsList" displayName="cat_PowerCAT.FluentDetailsList" solution="CreatorKitCore (1.0.20240529.1)">
          <package>CreatorKitCore (1.0.20240529.1)</package>
        </Required>
        <Dependent type="300" schemaName="cont_orgdatacustompage_92077" displayName="Org Data Custom Page" />
      </MissingDependency>
      <MissingDependency>
        <Required type="66" schemaName="cat_PowerCAT.PeoplePicker" displayName="cat_PowerCAT.PeoplePicker" solution="CreatorKitCore (1.0.20240529.1)">
          <package>CreatorKitCore (1.0.20240529.1)</package>
        </Required>
        <Dependent type="300" schemaName="cont_orgdatacustompage_92077" displayName="Org Data Custom Page" />
      </MissingDependency>
      <MissingDependency>
        <Required type="66" schemaName="cat_PowerCAT.Picker" displayName="cat_PowerCAT.Picker" solution="CreatorKitCore (1.0.20240529.1)">
          <package>CreatorKitCore (1.0.20240529.1)</package>
        </Required>
        <Dependent type="300" schemaName="cont_orgdatacustompage_92077" displayName="Org Data Custom Page" />
      </MissingDependency>
      <MissingDependency>
        <Required type="66" schemaName="cat_PowerCAT.TagList" displayName="cat_PowerCAT.TagList" solution="CreatorKitCore (1.0.20240529.1)">
          <package>CreatorKitCore (1.0.20240529.1)</package>
        </Required>
        <Dependent type="300" schemaName="cont_orgdatacustompage_92077" displayName="Org Data Custom Page" />
      </MissingDependency>
      <MissingDependency>
        <Required type="66" schemaName="MscrmControls.AdvancedLookupWrapper" displayName="MscrmControls.AdvancedLookupWrapper" solution="BaseCustomControlsCore (9.0.2406.2014)" />
        <Dependent type="60" displayName="Information" parentDisplayName="Org Data" id="{c277c667-273e-4aa1-946e-3dbd84b005cb}" />
      </MissingDependency>
      <MissingDependency>
        <Required type="66" schemaName="MscrmControls.AutoComplete.AutoCompleteControl" displayName="MscrmControls.AutoComplete.AutoCompleteControl" solution="CustomControlsCore (9.2.24062.00176)" />
        <Dependent type="60" displayName="Information" parentDisplayName="Org Data" id="{c277c667-273e-4aa1-946e-3dbd84b005cb}" />
      </MissingDependency>
      <MissingDependency>
        <Required type="66" schemaName="PPMA.CustomControls.LookupControl" displayName="PPMA.CustomControls.LookupControl" solution="PowerPages_Apps (1.0.2402.2)">
          <package>PowerPages_Core (1.0.2405.98)</package>
        </Required>
        <Dependent type="60" displayName="Information" parentDisplayName="Org Data" id="{c277c667-273e-4aa1-946e-3dbd84b005cb}" />
      </MissingDependency>
      <MissingDependency>
        <Required type="SettingDefinition" displayName="FluentThemingPreview" solution="msdyn_PowerAppsThemingSettings (1.0.0.13)" id.uniquename="FluentThemingPreview" />
        <Dependent type="AppSetting" displayName="parentappmoduleid.uniquename=cont_OrgDataMDAdemo,settingdefinitionid.uniquename=FluentThemingPreview" id.parentappmoduleid.uniquename="cont_OrgDataMDAdemo" id.settingdefinitionid.uniquename="FluentThemingPreview" />
      </MissingDependency>
    </MissingDependencies>
  </SolutionManifest>
</ImportExportXml>