
<entities xmlns:xsd="http://www.w3.org/2001/XMLSchema" xmlns:xsi="http://www.w3.org/2001/XMLSchema-instance" timestamp="2024-07-30T17:15:12.2086104Z">
  <entity name="cont_orgdata" displayname="Org Data">
    <records>
      <record id="7bc862a8-85d8-46bc-a387-240e9e84e16c">
        <field name="cont_name" value="Contoso Marketing Item" />
        <field name="cont_orglookupcontent" value="ee8e1ec8-e125-ee11-9cbd-6045bdd96914" lookupentity="cont_orglookup" lookupentityname="Item 002" />
      </record>
      <record id="561f7979-12d3-4061-81ba-60267148fada">
        <field name="cont_name" value="Contoso Sales" />
        <field name="cont_orglookupcontent" value="920f9ebe-e125-ee11-9cbd-6045bdd96914" lookupentity="cont_orglookup" lookupentityname="Item 001" />
      </record>
      <record id="f5b1ce19-ad36-4d37-a8ca-b9a61059c8ef">
        <field name="cont_name" value="Contoso Finance" />
        <field name="cont_orglookupcontent" value="ef8e1ec8-e125-ee11-9cbd-6045bdd96914" lookupentity="cont_orglookup" lookupentityname="Item 003" />
      </record>
      <record id="5eedd47a-7b6e-4914-a2e1-c1a418215bb0">
        <field name="cont_name" value="Testing" />
        <field name="cont_orglookupcontent" value="ef8e1ec8-e125-ee11-9cbd-6045bdd96914" lookupentity="cont_orglookup" lookupentityname="Item 003" />
      </record>
    </records>
    <m2mrelationships />
  </entity>
  <entity name="cont_orgdataprocessflow" displayname="Org Data Process Flow">
    <records>
      <record id="3a0bc6d6-e125-ee11-9cbd-6045bdd96914">
        <field name="bpf_name" value="Org Data Process Flow" />
        <field name="businessprocessflowinstanceid" value="3a0bc6d6-e125-ee11-9cbd-6045bdd96914" />
        <field name="processid" value="755669c0-311c-ee11-8f6e-000d3a5a7956" lookupentity="workflow" lookupentityname="Org Data Process Flow" />
      </record>
      <record id="9fe340e6-e125-ee11-9cbd-6045bdd96914">
        <field name="bpf_name" value="Org Data Process Flow" />
        <field name="businessprocessflowinstanceid" value="9fe340e6-e125-ee11-9cbd-6045bdd96914" />
        <field name="processid" value="755669c0-311c-ee11-8f6e-000d3a5a7956" lookupentity="workflow" lookupentityname="Org Data Process Flow" />
      </record>
      <record id="278b03f0-e125-ee11-9cbd-6045bdd96914">
        <field name="bpf_name" value="Org Data Process Flow" />
        <field name="businessprocessflowinstanceid" value="278b03f0-e125-ee11-9cbd-6045bdd96914" />
        <field name="processid" value="755669c0-311c-ee11-8f6e-000d3a5a7956" lookupentity="workflow" lookupentityname="Org Data Process Flow" />
      </record>
      <record id="5507ad65-d441-ee11-bdf3-6045bdd96914">
        <field name="bpf_name" value="Org Data Process Flow" />
        <field name="businessprocessflowinstanceid" value="5507ad65-d441-ee11-bdf3-6045bdd96914" />
        <field name="processid" value="755669c0-311c-ee11-8f6e-000d3a5a7956" lookupentity="workflow" lookupentityname="Org Data Process Flow" />
      </record>
    </records>
    <m2mrelationships />
  </entity>
  <entity name="cont_orglookup" displayname="Org Lookup">
    <records>
      <record id="762a7db9-b226-ee11-9966-6045bdd96914">
        <field name="cont_name" value="Item 004" />
        <field name="cont_orglookupid" value="762a7db9-b226-ee11-9966-6045bdd96914" />
      </record>
      <record id="920f9ebe-e125-ee11-9cbd-6045bdd96914">
        <field name="cont_name" value="Item 001" />
        <field name="cont_orglookupid" value="920f9ebe-e125-ee11-9cbd-6045bdd96914" />
      </record>
      <record id="ee8e1ec8-e125-ee11-9cbd-6045bdd96914">
        <field name="cont_name" value="Item 002" />
        <field name="cont_orglookupid" value="ee8e1ec8-e125-ee11-9cbd-6045bdd96914" />
      </record>
      <record id="ef8e1ec8-e125-ee11-9cbd-6045bdd96914">
        <field name="cont_name" value="Item 003" />
        <field name="cont_orglookupid" value="ef8e1ec8-e125-ee11-9cbd-6045bdd96914" />
      </record>
    </records>
    <m2mrelationships />
  </entity>
</entities>