<environmentvariabledefinition schemaname="cu_ContosoUniversitySPOITList">
  <apiid>/providers/microsoft.powerapps/apis/shared_sharepointonline</apiid>
  <displayname default="ContosoUniversitySPOITList">
    <label description="ContosoUniversitySPOITList" languagecode="1033" />
  </displayname>
  <introducedversion>1.0.0.2</introducedversion>
  <iscustomizable>1</iscustomizable>
  <isrequired>0</isrequired>
  <parameterkey>dataset</parameterkey>
  <secretstore>0</secretstore>
  <type>100000004</type>
</environmentvariabledefinition>